Rule ID,Short Title,Source,Risk,Decision,Reviewer Comment,Reviewer Name,Professional License,Review Date
ARCH-RES-CIRCULATION-001,عرض راهروی داخلی واحد,مبحث چهارم، الزامات عمومی ساختمان,HIGH,,,,,
ARCH-RES-STAIRS-001,پلهٔ ساختمان مسکونی گروه ۱ تا ۳,مبحث چهارم، الزامات عمومی ساختمان,CRITICAL,,,,,
ARCH-RES-STAIRS-002,پلهٔ ساختمان مسکونی گروه ۴ تا ۷,مبحث چهارم، الزامات عمومی ساختمان,CRITICAL,,,,,
ARCH-RES-STAIRS-003,پلهٔ ساختمان مسکونی گروه ۸,مبحث چهارم، الزامات عمومی ساختمان,CRITICAL,,,,,
ARCH-RES-EGRESS-001,بازشدن در خروج از داخل,مبحث چهارم، الزامات عمومی ساختمان,CRITICAL,,,,,
ARCH-RES-DOOR-001,در ورودی اتاق اقامت,مبحث چهارم، الزامات عمومی ساختمان,HIGH,,,,,
ARCH-RES-LIVING-001,اندازهٔ حداقل یک فضای اقامت اصلی,مبحث چهارم، الزامات عمومی ساختمان,HIGH,,,,,
ARCH-RES-LIVING-002,فضای اقامت واحد کوچک,مبحث چهارم، الزامات عمومی ساختمان,HIGH,,,,,
ARCH-RES-LIVING-003,مساحت عمومی اتاق اقامت,مبحث چهارم، الزامات عمومی ساختمان,HIGH,,,,,
ARCH-RES-BEDROOM-001,عرض سایر اتاق‌های اقامت مسکونی,مبحث چهارم، الزامات عمومی ساختمان,HIGH,,,,,
ARCH-RES-KITCHEN-001,آشپزخانهٔ مستقل یا باز برای پخت‌وپز,مبحث چهارم، الزامات عمومی ساختمان,HIGH,,,,,
ARCH-RES-KITCHEN-002,آشپزخانه همراه محل صرف غذا,مبحث چهارم، الزامات عمومی ساختمان,HIGH,,,,,
ARCH-RES-KITCHEN-003,عرض آشپزخانه,مبحث چهارم، الزامات عمومی ساختمان,HIGH,,,,,
ARCH-RES-KITCHEN-004,فضای کار آشپزخانه دیواری,مبحث چهارم، الزامات عمومی ساختمان,HIGH,,,,,
ARCH-RES-KITCHEN-005,ممنوعیت عبور الزامی از آشپزخانه,مبحث چهارم، الزامات عمومی ساختمان,HIGH,,,,,
ARCH-RES-BATHROOM-001,ابعاد فضای بهداشتی مسکونی معمول,مبحث چهارم، الزامات عمومی ساختمان,HIGH,,,,,
ARCH-RES-BATHROOM-002,ارتفاع فضای بهداشتی مسکونی,مبحث چهارم، الزامات عمومی ساختمان,HIGH,,,,,
ARCH-RES-WC-001,پیش‌بینی توالت فرنگی برای واحد بزرگ,مبحث چهارم، الزامات عمومی ساختمان,HIGH,,,,,
ARCH-RES-DAYLIGHT-001,نور و هوای آشپزخانه مستقل,مبحث چهارم، الزامات عمومی ساختمان,HIGH,,,,,
ARCH-RES-DAYLIGHT-002,سطح شیشه اتاق اقامت,مبحث چهارم، الزامات عمومی ساختمان,HIGH,,,,,
ARCH-RES-DAYLIGHT-003,پنجره با لبه بالایی کوتاه,مبحث چهارم، الزامات عمومی ساختمان,HIGH,,,,,
ARCH-RES-DAYLIGHT-004,عمق قابل قبول نورگیری,مبحث چهارم، الزامات عمومی ساختمان,HIGH,,,,,
ARCH-RES-DAYLIGHT-005,نورگیری زیر ایوان,مبحث چهارم، الزامات عمومی ساختمان,HIGH,,,,,
ARCH-RES-DAYLIGHT-006,حیاط بین دو تصرف مسکونی,مبحث چهارم، الزامات عمومی ساختمان,HIGH,,,,,
ARCH-RES-DAYLIGHT-007,حیاط مشترک آشپزخانه و اقامت,مبحث چهارم، الزامات عمومی ساختمان,HIGH,,,,,
ARCH-RES-VENTILATION-001,بازشوی تهویه آشپزخانه,مبحث چهارم، الزامات عمومی ساختمان,HIGH,,,,,
ARCH-RES-VENTILATION-002,هود به هوای آزاد,مبحث چهارم، الزامات عمومی ساختمان,HIGH,,,,,
ARCH-RES-BALCONY-001,فضای نیمه‌باز اختصاصی,مبحث چهارم، الزامات عمومی ساختمان,MEDIUM,,,,,
ARCH-RES-PRIVACY-001,دسترسی مستقل اتاق‌ها,مبحث چهارم، الزامات عمومی ساختمان,MEDIUM,,,,,
ARCH-RES-PRIVACY-002,دید به سرویس بهداشتی,مبحث چهارم، الزامات عمومی ساختمان,MEDIUM,,,,,
ARCH-RES-PRIVACY-003,دید به محل کار آشپزخانه,مبحث چهارم، الزامات عمومی ساختمان,MEDIUM,,,,,
ARCH-RES-ACCESSIBILITY-001,فضای بهداشتی قابل استفاده معلول,مبحث چهارم، الزامات عمومی ساختمان,CRITICAL,,,,,
